year,tmax_avg
1930,63.88470844
1940,62.48104873
1950,62.6153245
1960,62.2620271
1970,62.42949772
1980,65.1591938
1990,66.02269298
2000,63.97228018
2010,64.24593895